{ 
    "first_request" : [
        "What can I help you with today? - If you ask for the wrong thing, just type \"change request\" to go back a step.",
        "How can I help you today? If you request the wrong thing, type 'change request' to return to the previous step.",
        "What would you like help with today? If it’s not right, type 'change request' to go back one step.",
        "What do you need help with today? If you ask for something incorrect, type 'change request' to go back.",
        "How may I assist you today? If you enter the wrong request, just type 'change request' to step back."
    ],
    "post_runthrough_request" : [
        "Anything else I can help with today? - If you ask for the wrong thing, just type \"change request\" to go back a step.",
        "Anything else I can assist with today? - If you ask for the wrong thing, just type 'change request' to go back a step.",
        "Is there anything else you need help with today? - If you make a mistake, just type 'change request' to go back a step.",
        "Anything else you'd like help with today? - If you ask for the wrong thing, just type 'change request' to go back a step.",
        "Anything else I can support you with today? - If you select the wrong option, just type 'change request' to go back a step."
    ], 
    "other" : [
        "I'm sorry I didn't recognise that. Could you try entering that again? If you'd like to exit this process type exit",
        "Sorry, I didn't catch that. Please try entering that again. To exit this process, type exit.",
        "Apologies, I didn't recognise your input. Could you please enter that again? Type exit if you want to leave this process.",
        "I'm sorry, I couldn't understand that. Please try entering that again. If you want to exit, type exit.",
        "Sorry, that wasn't recognised. Could you enter that once more? If you wish to exit this process, type exit."
    ],
    "question_response" : [
        "Please ask what I can help with. I can deal with request surrounding retrieving, deleting or updating records!<br>Type 'help' for detailed expliantion or 'exit' to exit.",
        "Feel free to ask how I can assist. I handle requests related to retrieving, deleting or updating records!<br>Type 'help' for detailed expliantion or 'exit' to exit.",
        "Please tell me what you need help with. I can manage requests about retrieving, deleting or updating records!<br>Type 'help' for detailed expliantion or 'exit' to exit.",
        "Ask me what I can assist with. I'm here to handle requests involving retrieving, deleting or updating records!<br>Type 'help' for detailed expliantion or 'exit' to exit.",
        "Let me know what I can help with. I deal with requests about retrieving, deleting or updating records!<br>Type 'help' for detailed expliantion or 'exit' to exit."
    ],
    "help" : [
        "Hi! I need your name to find your records. Once I have it, I'll ask for your date of birth to verify it with your records.<br> If you want to switch user, just ask and we can start again. Or type 'exit' to exit the system.<br>Once I have your name and date of birth, I can help you delete, retrieve or change some of your data on record. I can assist with any of the following: <br>-name <br>-age <br>-gender <br>-blood type <br>-medical condition <br>-date of admission <br>-doctor <br>-hospital <br>-insurance provider <br>-billing amount <br>-room number <br>-admission type <br>-discharge date <br>-medication <br>-test results<br>",
        "Hello! Please provide your name so I can locate your records. After that, I’ll request your date of birth to confirm your identity.<br>If you’d like to switch user, feel free to ask and we can begin anew. Or type 'exit' to leave the system.<br>With your name and date of birth, I can process requests to delete, retrieve, or update the following data:<br>-name <br>-age <br>-gender <br>-blood type <br>-medical condition <br>-date of admission <br>-doctor <br>-hospital <br>-insurance provider <br>-billing amount <br>-room number <br>-admission type <br>-discharge date <br>-medication <br>-test results",
        "Hi there! I need your name to access your records. Once received, I’ll ask for your date of birth to match with your records.<br>If you want to change user, just say so and we can restart. Or type 'exit' to exit the system.<br>After verifying your details, I can help you delete, retrieve, or modify any of the following: <br>-name <br>-age <br>-gender <br>-blood type <br>-medical condition <br>-date of admission <br>-doctor <br>-hospital <br>-insurance provider <br>-billing amount <br>-room number <br>-admission type <br>-discharge date <br>-medication <br>-test results"
    ],
    "ask_for_data" : [
        "Which data points are you looking to modify?",
        "What data points would you like to influence?",
        "Which specific data points do you intend to change?",
        "What data points do you want to impact?",
        "Which data values are you aiming to alter?"
    ]
}