input,intent
What’s the weather like today?,other
no,other
Tell me a joke.,other
Play some relaxing music.,other
How do I reset my password?,other
What’s the capital of Norway?,other
Can you  me order pizza?,other
What’s 25 times 42?,other
Who won the game last night?,other
How do you say “hello” in Japanese?,other
Recommend a good movie to watch.,other
What time is it in New York?,other
Show me pictures of cats.,other
I’m bored what should I do?,other
Tell me a fun fact.,other
Can you turn off the lights?,other
What’s trending on Twitter?,other
Translate “thank you” to Spanish.,other
How do I make sourdough bread?,other
Do you know any tongue twisters?,other
What’s the latest tech news?,other
Can you  me book a flight?,other
Set a timer for 20 minutes.,other
What’s 78°F in Celsius?,other
How many days until Christmas?,other
Give me a recipe for lasagna.,other
Roll a dice.,other
What’s a good podcast to listen to?,other
Define “ephemeral.”,other
Can you tell me a bedtime story?,other
What’s the meaning of life?,other
 me practice a job interview.,other
Who painted the Mona Lisa?,other
I need a workout routine.,other
What’s the tallest mountain in the world?,other
How do you spell “accommodate”?,other
What are some good riddles?,other
Show me some inspirational quotes.,other
How do you start a blog?,other
Can you beatbox?,other
 me study for my math test.,other
What’s a healthy breakfast idea?,other
Teach me a new word.,other
What’s happening in the world today?,other
How do I meditate properly?,other
What zodiac sign is compatible with Leo?,other
I need  writing a poem.,other
What’s a cool science experiment for kids?,other
What is ChatGPT?,other
How do I improve my memory?,other
Write me a haiku about space.,other
Can you recommend a good book?,other
What are some beginner guitar chords?,other
How does Bitcoin work?,other
What are the symptoms of jet lag?,other
Can you tell me a scary story?,other
What’s a good gift for a 10-year-old?,other
What’s the fastest animal on Earth?,other
Explain the rules of chess.,other
Where is the Eiffel Tower located?,other
What’s a pun for Halloween?,other
How do I stop procrastinating?,other
What are some mindfulness exercises?,other
How do you fold a fitted sheet?,other
What’s the best way to learn coding?,other
Do dogs dream?,other
What is the periodic table?,other
Can you sing happy birthday?,other
What is an NFT?,other
Help me brainstorm a business idea.,other
What rhymes with “orange”?,other
Who is the president of France?,other
Show me a map of South America.,other
What are the rules of Uno?,other
What’s a cool magic trick I can do?,other
Recommend a good strategy game.,other
How many calories are in an apple?,other
What is the best productivity app?,other
Can you pretend to be a pirate?,other
What do penguins eat?,other
What is a palindrome?,other
How do I start a podcast?,other
What’s a fun icebreaker question?,other
What’s the best way to learn a new language?,other
How do airplanes fly?,other
How do I tell if an avocado is ripe?,other
What is a black hole?,other
Give me an idea for a short story.,other
What are the rules for Sudoku?,other
Who invented the light bulb?,other
How do I play the ukulele?,other
What’s your favorite movie?,other
How do I start a garden?,other
What’s a good prank to play on April Fools’ Day?,other
Tell me about the Roman Empire.,other
What are the benefits of drinking water?,other
How do I draw a dragon?,other
Can you  me write a rap?,other
What is a limerick?,other
What should I name my new puppy?,other
What is quantum physics?,other
Give me a list of famous inventors.,other
Can you imitate a Shakespearean actor?,other
What does “serendipity” mean?,other
Who are the Beatles?,other
What is the Fibonacci sequence?,other
I need a fun fact for my presentation.,other
How do I become a better public speaker?,other
What’s the best way to make friends?,other
Can you solve a riddle?,other
What’s a good tongue twister?,other
What’s the history behind Halloween?,other
What is the best way to train a dog?,other
me organize my daily schedule.,other
Can you write a love letter for me?,other
I need a name for my fantasy character.,other
What’s a fun trivia question?,other
How do I make origami?,other
What’s the longest word in English?,other
Do you know any weird laws?,other
me plan a surprise party.,other
The door is open,other
She laughed so loudly,other
Birds fly south each winter,other
The river flows past the old mill,other
I found a strange rock today,other
Clouds gathered before the storm arrived,other
He painted the fence bright blue,other
We walked through the quiet forest,other
The clock stopped ticking at midnight,other
She sings beautifully in the choir,other
The cat chased a mouse outside,other
Leaves fell softly onto the ground,other
The candle flickered in the dark room,other
He cooked dinner for the whole family,other
The stars shone brightly above the lake,other
They danced until the music ended,other
The children played in the sandbox happily,other
A fox darted across the meadow quickly,other
The old book smelled like the past,other
She wore a hat decorated with flowers,other
The train whistled as it approached the station,other
Rain tapped gently on the window pane,other
He wrote a letter but never sent it,other
The wind carried the scent of pine,other
A dog barked somewhere in the distance,other
The garden bloomed with colorful tulips,other
She closed the door behind her softly,other
The mountain loomed large against the sky,other
They waited patiently for the bus to arrive,other
The fire crackled warmly in the hearth,other
He found a seashell on the beach,other
The phone rang loudly in the empty house,other
She smiled as the sun set slowly,other
The snow covered everything in a white blanket,other
A child’s laughter echoed through the playground,other
The boat rocked gently on the calm water,other
He tied his shoes before the race began,other
The lights went out during the storm,other
She painted a picture of the old barn,other
The street was quiet after midnight,other
The clock tower chimed eleven times,other
They hiked up the steep mountain trail,other
A breeze rustled through the tall grass,other
The baker prepared fresh bread early morning,other
She found a hidden path in the woods,other
The cat purred softly on her lap,other
He fixed the broken chair carefully,other
The clouds turned pink at sunset,other
They sang songs around the campfire happily,other
The garden gate creaked in the wind,other
She opened the window to let in air,other
The river sparkled under the afternoon sun,other
He planted seeds in the empty garden bed,other
The birds nested high in the old tree,other
The children built a fort from blankets,other
She read a book by the fireplace,other
The moon cast shadows on the quiet street,other
He sharpened his pencils before drawing,other
The flowers wilted under the hot summer sun,other
They shared stories late into the night,other
The wind howled through the empty streets,other
She found a lost puppy in the park,other
The old man told tales of the sea,other
He wrapped the gift with bright paper,other
The snowflakes melted on the warm window,other
The train crossed the bridge over the river,other
She wore boots to walk through the mud,other
The fireflies lit up the dark garden,other
He sketched the view from the hilltop,other
The children chased butterflies in the meadow,other
The sun rose behind the distant hills,other
She heard footsteps behind her in the corridor,other
The riverbank was lined with wildflowers,other
He listened carefully to the sound of the rain,other
The cat climbed high into the tree,other
They packed their bags for the long journey,other
The storm cleared leaving fresh air behind,other
She brewed tea in the quiet morning,other
The lighthouse beam swept across the dark ocean,other
Can you help me with this?,question
I'm not sure what to do next.,question
Could you explain this again?,question
I don’t understand this can you help me?,question
I’m confused about this part.,question
What should I do here?,question
Can you clarify what you mean?,question
I'm lost can you assist me?,question
I need help with something.,question
Can you give me more details?,question
What does this mean?,question
I don't know where to start.,question
I don’t get what you’re saying.,question
How do I fix this?,question
Can you help me figure this out?,question
I’m stuck can you guide me?,question
I’m having trouble with this.,question
Could you walk me through it?,question
What’s the next step?,question
I’m not sure how to proceed help.,question
Could you help me understand this better?,question
I don’t know what to do with this.,question
I don’t understand what’s going on here.,question
This doesn’t make sense to me.,question
Can you break it down for me?,question
I’m confused about the instructions.,question
I can’t find the right option.,question
Can you show me what to do?,question
I don’t understand how this works.,question
Can you explain that more clearly?,question
What does this button do?,question
Can you help me solve this problem?,question
I’m unsure of what to click.,question
This part is unclear to me.,question
I need some help to figure this out.,question
I don’t get how this works.,question
What should I do if this happens?,question
Can you make this easier to understand?,question
I’m not sure what you're asking me.,question
What do I need to do here?,question
I don’t know where to find this.,question
Could you explain it in simpler terms?,question
I’m feeling a bit lost here.,question
Can you give me an example?,question
I don’t get why this is happening.,question
What’s going on here? I’m confused.,question
I’m having difficulty understanding this.,question
How do I complete this?,question
Can you tell me what to do next?,question
I don’t know what steps to follow.,question
Can you show me how to do this?,question
What does this option mean?,question
I’m unsure about the instructions.,question
I need some guidance here.,question
What should I click on next?,question
Can you explain the next step?,question
I don’t know how to start.,question
This isn’t working as I thought it would.,question
Can you give me some advice?,question
I’m not sure how to continue.,question
I need a bit of help with this.,question
Can you walk me through the process?,question
I’m confused about the menu options.,question
I’m having trouble understanding the settings.,question
Can you help me navigate this?,question
I’m not sure where to go from here.,question
I don’t know what this message means.,question
Can you help me troubleshoot this?,question
Can you explain why this happened?,question
I’m not clear on what to do.,question
I can’t figure this out on my own.,question
I don’t know if I’m doing this right.,question
What’s the best way to handle this?,question
I need help understanding this feature.,question
I’m not sure if I did this correctly.,question
Can you guide me through this process?,question
How do I fix this issue?,question
Can you help me understand the error?,question
I don’t understand what I’m supposed to do.,question
What does this message mean?,question
Can you show me how to fix this?,question
I’m not sure what to choose here.,question
I don’t know if I should proceed with this.,question
I’m unsure about the settings here.,question
Can you help me make sense of this?,question
I’m not sure how this works.,question
What’s the best way to solve this problem?,question
I don’t know where to find help.,question
Can you explain it to me step by step?,question
I don’t get how to use this feature.,question
Can you help me understand the instructions?,question
I’m not sure what I’m supposed to be doing.,question
I can’t make sense of this.,question
What’s the next step in this process?,question
How do I proceed from here?,question
I’m confused by this error message.,question
I need clarification on this.,question
Can you explain what I’m supposed to do next?,question
I’m stuck on this part can you help?,question
I don’t understand why this happened.,question
Help please,question
What now,question
I’m lost,question
Please explain,question
How do I,question
I need guidance,question
What comes next,question
Can you assist,question
This makes no sense,question
I don’t get it,question
Can someone show me,question
I have never done this,question
Walk me through this,question
I’m not sure what to do,question
Could you guide me through this,question
I’ve never used this before,question
I don’t understand these instructions,question
What should I click on first,question
Can you help with this part,question
I need help figuring this out,question
What is the first step here,question
Please show me how this works,question
I don’t know where to begin,question
Can you help me start this process,question
I’m not familiar with how this works,question
I don’t know how to complete this,question
This process is totally new to me,question
I need step by step instructions please,question
Can you explain what this section means,question
I’m confused about how to move forward,question
What do I do after this step,question
I don’t know which option to choose,question
Can you show me what to click,question
This system is confusing to me,question
How do I know I did it right,question
Could you show me how you do it,question
I’ve never had to do this before,question
Where do I even begin with this,question
I feel completely lost trying to do this,question
I don’t understand what these fields are for,question
Can you guide me through the entire setup,question
I’m unsure how to complete this part properly,question
Please explain what each of these buttons does,question
Can you tell me if this is correct,question
I’m afraid I’ll mess something up without help,question
Can you walk me through the next step,question
I’m not sure how to enter the correct information,question
How do I know if I did this right,question
I need someone to double check my work here,question
Please show me the right way to do this,question
What can this system handle,question
What tasks is this system built for,question
What am I allowed to request,question
What can I tell it to generate,question
What kind of prompts does it understand,question
What questions is this system designed to answer,question
What kind of input does it accept,question
What types of commands can I use here,question
What actions can I trigger from this,question
What does it respond to best,question
What can I expect this system to manage,question
What instructions can I give this interface,question
What kinds of queries are supported here,question
What sort of requests work best with this,question
What tasks can I rely on it for,question
What can I use this tool to create,question
What am I supposed to input first,question
What’s the range of things I can ask,question
What can I request from this right now,question
What kinds of outputs does this system produce,question
What should I ask it to try,question
What do people usually use this for,question
What are good questions to start with,question
What things can this assistant help with,question
What can I get it to summarize,question
What info can I pull from it,question
What am I able to ask today,question
What requests does this system process well,question
What creative tasks can it help with,question
What analytical work can this perform,question
What content types can I ask about,question
What forms of guidance can this system provide,question
What should I try asking it first,question
What complex tasks will it handle for me,question
What requests are too advanced for it,question
What commands should I avoid using here,question
What features can I activate with a prompt,question
What can I say to start a process,question
What knowledge can this give me access to,question
What tools are available through this platform,question
What user input does it work best with,question
What can I explore using this system now,question
What scenarios can I test within this setup,question
What data can I retrieve with simple input,question
What helpful responses can I generate right away,question
What can I teach this to do later,question
What formats will it respond to clearly,question
What do I need to provide for a response,question
What can I expect if I ask it questions,question
What abilities does this have that I should know,question
Can I get a copy of my medical records?,get_record
I need my health history.,get_record
Please send me my medical record.,get_record
I want to view my medical report.,get_record
Let me download my records.,get_record
I'd like to retrieve my past medical info.,get_record
Get my lab results,get_record
Yo can I see my medical file?,get_record
I need my doctor stuff,get_record
Pull my health info real quick.,get_record
Gimme my checkup history.,get_record
Where’s that health report thing?,get_record
Get my records please.,get_record
I want my hospital docs,get_record
Show me what the doc wrote about me.,get_record
I need to see my health chart.,get_record
Bring up my records.,get_record
Would it be possible to get my medical records?,get_record
May I access my recent test results?,get_record
I’d like to request my medical documentation.,get_record
Could you provide my health records?,get_record
I’m requesting access to my healthcare info.,get_record
Please may I see my patient report.,get_record
I would appreciate a copy of my checkups.,get_record
I’d like to see what’s on file for me.,get_record
Can I please have a summary of my visits?,get_record
May I retrieve my patient history?,get_record
Can I get everything the hospital has on me?,get_record
I want my medical background details.,get_record
What does my chart say?,get_record
Show me everything in my patient history.,get_record
Send all the info the clinic has stored.,get_record
Get the full report of my medical journey.,get_record
Provide all documentation related to my care.,get_record
Pull everything under my patient ID.,get_record
I’m requesting my medical records under HIPAA.,get_record
I’d like to formally obtain my health records.,get_record
Please process my patient information request.,get_record
This is a legal request for my file.,get_record
I need full records for legal reasons.,get_record
I am exercising my right to access my EHR.,get_record
I’m filing a claim—need full records.,get_record
Provide documentation for insurance purposes.,get_record
Requesting chart for legal documentation.,get_record
This is an official request for my medical history.,get_record
I’m analyzing my health for a project.,get_record
Can I use my records for personal research?,get_record
I need data from my past checkups.,get_record
Pull everything from my hospital history.,get_record
I’m reviewing my health trends over time.,get_record
I’m collecting my personal health information.,get_record
I want all test data for analysis.,get_record
Get my health report in downloadable format.,get_record
I’m building a personal health tracker—need data.,get_record
I need structured records for a wellness project.,get_record
What’s in my file at your facility?,get_record
Pull the file associated with my name.,get_record
Let me see the doctor’s notes.,get_record
I’m looking for my hospital chart.,get_record
Provide all health documentation on record.,get_record
Can I inspect my health info?,get_record
Share all records linked to my account.,get_record
I'd like a printout of my records.,get_record
Can I retrieve my past visits summary?,get_record
I want a history of my appointments.,get_record
Access the data from all my past visits.,get_record
Review my treatment notes from previous doctors.,get_record
I’m here to collect my personal health records.,get_record
I need a copy of my medical records.,get_record
Please send me all of my health data.,get_record
Can I access my patient file?,get_record
I want to see my test results.,get_record
Show me my full medical history.,get_record
I’d like to retrieve everything from my chart.,get_record
Let me download my health records.,get_record
I’m requesting access to my EHR.,get_record
Can I get my complete medical file?,get_record
I’d like to view my recent checkup results.,get_record
I want to pull all of my hospital records.,get_record
Where can I find my vaccination history?,get_record
Email me my full patient report please.,get_record
I’d like to see what my doctor has on file.,get_record
Send me everything from my last visit.,get_record
I want to retrieve the documents from my last appointment.,get_record
I need my lab results sent to me.,get_record
Show me what’s in my file.,get_record
I want access to all my clinical notes.,get_record
I’d like a summary of all my visits.,get_record
Please let me review my treatment records.,get_record
I want to look at all my medical reports.,get_record
Can you send me my test results from this year?,get_record
Pull up my recent health records.,get_record
I need a copy of my x-rays and lab results.,get_record
I want to access everything in my profile.,get_record
Give me my full health documentation.,get_record
I need to see my past diagnoses.,get_record
I’d like to review the doctor’s notes on my last visit.,get_record
Can I have a printout of my patient file?,get_record
I want to see all the medical documents related to my care.,get_record
Provide me with a report of all treatments I’ve received.,get_record
I need to check my medication history.,get_record
Send me a list of all my previous appointments.,get_record
I’d like to retrieve my surgical records.,get_record
Can I get a history of all lab work done on me?,get_record
I need my medical documents for insurance purposes.,get_record
Show me my past prescriptions and treatments.,get_record
I want to see all my past medical interactions.,get_record
I’m requesting my health data from your database.,get_record
Please let me access everything in my medical file.,get_record
I’d like to have a look at my entire patient record.,get_record
I need my records for a second opinion.,get_record
Can you send me my digital health report?,get_record
I want to see the results of all recent scans.,get_record
I need my treatment history for a new doctor.,get_record
Email me my electronic medical records.,get_record
I need a full copy of my health chart.,get_record
I’d like to view all tests done over the past two years.,get_record
Can I retrieve my immunization documents?,get_record
Let me see my history of physical exams.,get_record
How can I get a record?,get_record
Can I retrieve a record?,get_record
How do I access my records?,get_record
Can you help me get a specific record?,get_record
I need to get a record from the system.,get_record
How can I pull up my record?,get_record
How do I view a particular record?,get_record
Can you retrieve a record for me?,get_record
I need to get the details of a record.,get_record
How do I get my past records?,get_record
How can I access a record from the database?,get_record
I want to get a record of my transactions.,get_record
How can I retrieve my data records?,get_record
Where can I get my user record?,get_record
How do I find a specific record?,get_record
Can I get a copy of my records?,get_record
How can I get a history record?,get_record
I want to view a specific record.,get_record
Can you show me my record details?,get_record
How do I access an old record?,get_record
Can I fetch a record from the database?,get_record
I need to get the details of my last entry.,get_record
How can I get all my records?,get_record
How do I get a record of my activities?,get_record
I need to fetch a record from my profile.,get_record
Can I retrieve a specific entry from my history?,get_record
How do I get the record of my purchases?,get_record
Can I pull up my old records?,get_record
How can I get a record from the past?,get_record
I want to retrieve my previous records.,get_record
Can you show me the record for this entry?,get_record
How do I get a record for a certain date?,get_record
How do I find the record I’m looking for?,get_record
I need to get a detailed record of this event.,get_record
How do I get the record of my account history?,get_record
I want to fetch my personal record.,get_record
How do I access my full records?,get_record
Can you help me retrieve my record?,get_record
How can I get a record for a specific time?,get_record
I need to get a file record.,get_record
How do I access a particular record in the system?,get_record
Can I get my historical records?,get_record
I need to retrieve my data record.,get_record
How do I pull up a specific user record?,get_record
How do I retrieve a file record from the system?,get_record
Can I get a report of my records?,get_record
How do I get my transaction records?,get_record
How can I view my personal records?,get_record
Can you help me get a record of this?,get_record
How do I get a record of all my entries?,get_record
Retrieve this,get_record
Find record,get_record
Get that file,get_record
Show my data,get_record
Pull it up,get_record
Locate the record,get_record
Can you find it,get_record
Show me the entry,get_record
Access the stored information,get_record
I need that file back,get_record
Bring up the last one,get_record
Can you pull my report,get_record
Find the most recent version,get_record
Show the record from yesterday,get_record
I need the old record,get_record
Can you bring up the details,get_record
Retrieve the last saved document,get_record
I want to see the archive,get_record
Get the file I uploaded yesterday,get_record
Bring back the original version please,get_record
Access my last saved form quickly,get_record
Could you locate the old report,get_record
Show the document I worked on,get_record
I need the client record from Tuesday,get_record
Fetch the backup copy for that file,get_record
Pull the archived version of the contract,get_record
Get the transaction log for last week,get_record
Can you bring up our latest invoice,get_record
Please show the database entry from yesterday,get_record
I want the final version of the report,get_record
Find the project notes saved last Friday,get_record
I want to delete all my medical records.,delete_record
Please erase everything you have on file about me.,delete_record
I’m requesting that my health data be permanently removed.,delete_record
I no longer want my medical information stored—please delete it.,delete_record
Take my data out of your system.,delete_record
I need you to delete my personal medical information.,delete_record
Wipe all of my medical history from your servers.,delete_record
I’m done with your service—please delete all of my records.,delete_record
Get rid of all the files you have on me.,delete_record
I would like to remove all traces of my health data.,delete_record
Please make sure all my records are deleted.,delete_record
Can you make sure my health history is erased?,delete_record
I don’t want any of my personal health info stored—delete it.,delete_record
I’m asking for full deletion of my patient data.,delete_record
Clean out my medical profile completely.,delete_record
I revoke consent—please delete my medical records.,delete_record
Delete everything under my name from your medical system.,delete_record
I request complete removal of my electronic health records.,delete_record
I no longer need my account—remove all medical records.,delete_record
I want every medical note test and report deleted.,delete_record
Please remove me from your patient database.,delete_record
I’m not a patient anymore—erase all records associated with me.,delete_record
I want my records wiped for privacy reasons.,delete_record
Can you remove all historical medical data tied to my ID?,delete_record
I need my full health history deleted ASAP.,delete_record
Please delete every health document I’ve ever submitted.,delete_record
I don’t want any of my health data retained—wipe everything.,delete_record
Permanently erase my entire medical file.,delete_record
I want your clinic to forget everything about my care.,delete_record
Delete my health record now including all backups.,delete_record
I want all my health records erased immediately.,delete_record
Please delete every record you have about my medical visits.,delete_record
I don’t want my medical data saved—remove it all.,delete_record
I no longer consent to data retention—delete my info.,delete_record
Please eliminate my patient information from your records.,delete_record
I’m done with treatment—wipe all my health data.,delete_record
Go ahead and clear my file completely.,delete_record
I want nothing stored about me—please delete everything.,delete_record
Can you purge all my patient data from your system?,delete_record
I’d like all my health information removed from your files.,delete_record
Please destroy any digital or physical copies of my medical records.,delete_record
Take out all historical data related to my treatments.,delete_record
I need you to erase my account and medical history.,delete_record
This is a formal request to delete my health records.,delete_record
Remove my entire profile and associated medical documents.,delete_record
Delete every single test result and note under my name.,delete_record
I do not want your system keeping anything about me.,delete_record
Kindly erase my records as soon as possible.,delete_record
I’m switching providers—remove all my information.,delete_record
Wipe all previous visits and diagnoses from your files.,delete_record
I’ve moved clinics so I need my records removed.,delete_record
Please ensure my health data is no longer stored.,delete_record
I want all personal medical information deleted including past appointments.,delete_record
Delete my lab reports doctor notes and medications from your system.,delete_record
Please erase any record of me in your database.,delete_record
I no longer want to be a part of your patient system—delete my data.,delete_record
I want to start fresh—clear all my existing records.,delete_record
I’m asking for a complete purge of my health files.,delete_record
Remove everything associated with my medical account.,delete_record
Please ensure no trace of my health data remains in your system.,delete_record
I want you to erase all my health data.,delete_record
Please delete my entire patient file right away.,delete_record
Can you permanently remove my medical records?,delete_record
I don’t want my medical history on file anymore—delete it.,delete_record
Kindly erase my information from your system.,delete_record
I’m asking for a full data wipe of my medical records.,delete_record
Remove any trace of my medical visits from your database.,delete_record
I want my records cleared from your servers.,delete_record
Get rid of everything you’ve stored about my healthcare.,delete_record
Please delete my data from all systems and backups.,delete_record
I don’t feel comfortable with my info being stored—delete it.,delete_record
Can you make sure all my health-related data is gone?,delete_record
I want my medical chart completely erased.,delete_record
I’m done with this provider—remove all my data.,delete_record
Please eliminate every file linked to my name.,delete_record
I’d like to completely remove my health profile.,delete_record
Remove me from your system including my records.,delete_record
Erase my full record of treatments and tests.,delete_record
Clear everything about my medical history from your files.,delete_record
I don’t want to be in your records anymore.,delete_record
Please terminate my profile and delete all related documents.,delete_record
I’m revoking my consent—delete all my stored health data.,delete_record
I want all reports diagnoses and charts deleted.,delete_record
Kindly get rid of all my hospital records.,delete_record
I need to be removed from your patient archive.,delete_record
Please destroy my entire record of care.,delete_record
I want my history with this clinic completely erased.,delete_record
Please make sure nothing is saved about my past visits.,delete_record
Delete any files related to my identity or treatment.,delete_record
I no longer want any data on your system—delete it.,delete_record
Erase my files and close my account.,delete_record
Please remove everything tied to my patient ID.,delete_record
Get rid of my test results and prescriptions.,delete_record
I want no trace of my visits left on file.,delete_record
Make sure my name is fully removed from the system.,delete_record
I need my entire medical footprint deleted.,delete_record
Take out every record connected to my medical care.,delete_record
I’d like to clear my presence from your database.,delete_record
Please delete all evidence of my treatment.,delete_record
I am no longer a patient—remove all records.,delete_record
I do not authorize further storage of my data—delete now.,delete_record
Get rid of any saved personal health data you have.,delete_record
Delete all the documents created during my care.,delete_record
I want to start fresh—please wipe my entire file.,delete_record
Erase all medical notes associated with me.,delete_record
I don’t want to be tracked in your system anymore.,delete_record
Delete any remaining health data that hasn’t been purged.,delete_record
I want to opt out and have all my data erased.,delete_record
Please completely clean out my medical data.,delete_record
I’m submitting a deletion request for my medical history.,delete_record
Take down all records linked to my identity.,delete_record
I want every diagnosis and test entry deleted.,delete_record
I need my patient data expunged from the system.,delete_record
Close my account and delete all information.,delete_record
I don’t want you to hold any more of my data.,delete_record
Delete my full digital record please.,delete_record
I want all health documents removed immediately.,delete_record
Delete this,delete_record
Remove record,delete_record
Erase that file,delete_record
Get rid of it,delete_record
Can you delete,delete_record
Please remove this,delete_record
Delete the last entry,delete_record
I want this record gone,delete_record
Remove the file from the system,delete_record
Please erase my old data,delete_record
Can you delete this document now,delete_record
I need that record removed,delete_record
Get rid of the outdated file,delete_record
Please delete all related entries,delete_record
Remove the record permanently from the database,delete_record
Erase the information associated with this account,delete_record
Can you clear this record from the logs,delete_record
Delete the incorrect entry please,delete_record
Remove all files linked to this project,delete_record
I want the archived record deleted immediately,delete_record
Please erase the backup for this file,delete_record
Delete the duplicate record from the system,delete_record
Remove my personal data from your files,delete_record
Can you delete the transaction history,delete_record
Please delete the records before last month,delete_record
Erase all entries related to this customer,delete_record
Remove the outdated reports from the folder,delete_record
Delete the confidential files right away,delete_record
I want to delete all temporary records,delete_record
Please remove my old submission from the database,delete_record
Delete the files that are no longer needed,delete_record
Erase the data stored under this ID,delete_record
Remove the file from the shared directory,delete_record
Please delete the notes from last week,delete_record
Can you remove the test records now,delete_record
Delete the entries that were entered by mistake,delete_record
Remove the user data from the system completely,delete_record
I want this record taken off immediately,delete_record
Please delete the documents I uploaded yesterday,delete_record
Erase the old logs before the audit starts,delete_record
Remove all personal information connected to this record,delete_record
Delete the record that has errors in it,delete_record
Can you erase the project files for me,delete_record
Please remove this item from the inventory,delete_record
Delete the data that is outdated or incorrect,delete_record
I want the system to delete these records now,delete_record
Remove the files that are no longer in use,delete_record
Please delete all sensitive information from this file,delete_record
Erase the entries that are duplicates in the system,delete_record
Delete my account details from your records,delete_record
Remove the archived data related to this case,delete_record
Can you delete the old backup files,delete_record
Please delete the documents no longer required,delete_record
Erase all the logs associated with this user,delete_record
Remove the file to free up space,delete_record
Delete the data that was entered incorrectly,delete_record
I want this record erased from the database,delete_record
Please remove the files that have expired,delete_record
Delete the personal information I provided last year,delete_record
Erase the logs before the system update,delete_record
Remove the entries that are no longer valid,delete_record
Delete the record permanently without recovery option,delete_record
Can you remove my data from your system,delete_record
Please delete the outdated client information,delete_record
Erase the files linked to the old project,delete_record
Remove the duplicate files from the folder,delete_record
Delete all files that are corrupted or incomplete,delete_record
I want you to delete this record completely,delete_record
Please remove the unwanted data from the archive,delete_record
Erase the record from all active databases,delete_record
Delete the personal files that are outdated,delete_record
Remove the documents from the cloud storage,delete_record
Can you delete the previous records for this case,delete_record
Please delete the user logs from last month,delete_record
Erase all sensitive data related to this account,delete_record
Remove the record to comply with the request,delete_record
Delete the backup that is no longer needed,delete_record
I want this file removed from the system today,delete_record
Please erase all temporary files associated with this,delete_record
Delete the record and confirm once completed,delete_record
Please ensure my history is fully wiped from your files.,delete_record
I’m formally asking for all my medical info to be destroyed.,delete_record
Delete this record immediately please,delete_record
update this record,update_record
change a record,update_record
I want to edit,update_record
revise something now,update_record
I need to update,update_record
let me fix it,update_record
correct the record,update_record
I would like to change,update_record
change the data,update_record
fix a mistake,update_record
update the form,update_record
edit the entry,update_record
I need to fix this,update_record
help me correct something,update_record
change the information,update_record
I want to make edits,update_record
please help me change it,update_record
I should update now,update_record
I have edits to make,update_record
I want to revise a record,update_record
make a change please,update_record
I want to fix the form,update_record
I need to revise the entry,update_record
I must update my info,update_record
I need to change something,update_record
I would like to edit a record,update_record
I need to fix my data,update_record
change one of my records,update_record
correct what I submitted,update_record
let me change what I entered,update_record
edit the last record I touched,update_record
fix my recent submission,update_record
help me edit my details,update_record
I want to change the previous entry,update_record
I have corrections to make,update_record
the record needs to be updated,update_record
I need to fix what I just did,update_record
revise my recent data entry,update_record
I want to clean up my form,update_record
adjust the record I submitted,update_record
I must correct something I submitted,update_record
I want to reenter the information,update_record
I need to modify what I gave you,update_record
I want to adjust the file,update_record
let me fix my mistake,update_record
I need to make changes now,update_record
change something in the file,update_record
I want to improve my record,update_record
the form needs corrections,update_record
I want to repair the last entry,update_record
I sent wrong info,update_record
correct my old form,update_record
I should fix this now,update_record
I must correct something,update_record
data must be changed,update_record
I want to correct my record,update_record
help me update my details,update_record
Please update this,update_record
Update the record,update_record
Can you update it,update_record
I need this updated,update_record
Update the file now,update_record
change something in my submission,update_record
I want to adjust some details,update_record
I need to make a small change,update_record
update the item I just completed,update_record
I’d like to modify previous input,update_record
alter the last thing I submitted,update_record
I want to tweak the record,update_record
redo part of my submission,update_record
change one detail in the entry,update_record
revise my earlier data now,update_record
I have a small correction,update_record
I should change what I entered,update_record
let me update the info now,update_record
I’d like to revise my file,update_record
I must tweak the last section,update_record
modify the part I just did,update_record
something needs to be updated,update_record
I want to make one change,update_record
I need to edit earlier input,update_record
I should revise my information,update_record
I want to adjust the last form,update_record
help me revise what I gave,update_record
the previous entry must be adjusted,update_record
make an edit to that submission,update_record
I must revise my original data,update_record
I need to change some fields,update_record
redo what I filled in earlier,update_record
help me modify what I entered,update_record
I should adjust part of the form,update_record
I need to make edits now,update_record
I would like to update the entry,update_record
I want to correct that item,update_record
allow me to revise what I sent,update_record
revise the details in the form,update_record
I have adjustments to enter now,update_record
one thing must be changed,update_record
I want to redo the submission,update_record
I must update what I just input,update_record
I want to revise the last section,update_record
I need to alter that answer,update_record
fix the info I just submitted,update_record
I want to fix my last input,update_record
I need to rewrite some details,update_record
I would like to edit the form,update_record
I want to review and revise it,update_record
I need to change one small part,update_record
something is wrong I must fix it,update_record
I want to replace a part of it,update_record
Update this now,update_record
Please update record,update_record
Can you update it,update_record
Update file please,update_record
Need update urgently,update_record
Update data now,update_record
Please update info,update_record
Update record quickly,update_record
Can you update,update_record
Update entry now,update_record
Please update details,update_record
Update immediately please,update_record
Need this updated,update_record
Update customer info,update_record
Please update status,update_record
Update record today,update_record
Can you update data,update_record
Update report now,update_record
Update this entry,update_record
Please update immediately,update_record
edit a record,update_record
change one record,update_record
update the file,update_record
revise my record,update_record
adjust this entry,update_record
modify the data,update_record
fix that record,update_record
redo my record,update_record
revise the file,update_record
update one record,update_record
correct that entry,update_record
alter the record,update_record
change that form,update_record
fix the data,update_record
redo this entry,update_record
fix my form,update_record
repair a record,update_record
change this data,update_record
edit one record,update_record
revise an entry,update_record
adjust the record,update_record
replace that info,update_record
change my form,update_record
modify one file,update_record
alter a submission,update_record
revise my file,update_record
correct the form,update_record
rework the entry,update_record
redo a form,update_record
fix one record,update_record
I need to edit the record,update_record
I want to update a record,update_record
please help me revise this record,update_record
I would like to change the file,update_record
I must correct the current entry,update_record
I have to modify the data,update_record
I need to adjust my record,update_record
let me revise the record details,update_record
I want to change this record,update_record
I need to fix that record,update_record
I would like to revise information,update_record
please allow me to edit this,update_record
can I update the entry now,update_record
I should modify that record now,update_record
help me make changes to it,update_record
I need to update the form,update_record
I want to change some details,update_record
let me fix the old record,update_record
I would like to fix something,update_record
I must adjust what I submitted,update_record
allow me to correct the record,update_record
I have edits to submit now,update_record
I need to revise this file,update_record
let me change what I wrote,update_record
I need to fix the entry,update_record
I want to redo that record,update_record
I would like to fix my data,update_record
I must revise the information here,update_record
I should edit what I just entered,update_record
I need to replace some record info,update_record
edit this now please,update_record
I want to change my form,update_record
can I revise the old entry,update_record
I need to update the last file,update_record
change the details I entered earlier,update_record
help me fix what I just did,update_record
I should correct some of the information,update_record
please allow edits to the existing record,update_record
I made a mistake and must revise it,update_record
I want to adjust that file I submitted,update_record
i want to change user,change_user
please let me change user,change_user
i need to switch user,change_user
let me switch the user,change_user
can you change my user,change_user
i want a different user,change_user
help me switch the user,change_user
i must become another user,change_user
allow me to change user,change_user
i wish to change user,change_user
i really need a new user,change_user
please help me switch user,change_user
i have to switch user,change_user
i would like another user,change_user
i am ready to switch user,change_user
could i switch my user,change_user
i want to log in differently,change_user
i need another login user,change_user
can you please change user,change_user
help me become someone else,change_user
let me access another user,change_user
i have to become different user,change_user
please let me log in new,change_user
allow me to log in new,change_user
let me be a new user,change_user
help me be another user,change_user
i want to be different user,change_user
i must change to different user,change_user
i wish to switch my user,change_user
can i please change the user,change_user
i really need to switch user,change_user
i would love a new user,change_user
please change me to someone else,change_user
let me change who i am using,change_user
i cannot use this user anymore,change_user
help me switch to different user,change_user
i am done with this user,change_user
i need new access right now,change_user
please make me a new user,change_user
can you switch me to another,change_user
let me become a new user,change_user
i want to go as different user,change_user
i need another identity now please,change_user
let me operate under new user,change_user
i really must change this user,change_user
help me log into someone else,change_user
please help change my current user,change_user
i want to change identity quickly,change_user
i am not this user anymore,change_user
let me take on another identity,change_user
i want to act for someone else,change_user
let me switch for another person,change_user
i am doing this for them,change_user
need to act for another user,change_user
please let me represent someone else,change_user
i must switch on their behalf,change_user
allow me to act for another,change_user
i want to represent someone else,change_user
i am here for a user,change_user
let me perform this for them,change_user
i will act as another user,change_user
i do this as someone else,change_user
this is on behalf of them,change_user
i need to log in for them,change_user
let me do this for user,change_user
i am substituting for another person,change_user
i am handling this for someone,change_user
want to do this for someone,change_user
allow me to work for another,change_user
acting on another persons behalf today,change_user
let me take action for them,change_user
need to represent another account now,change_user
please switch me to their account,change_user
i must operate for someone else,change_user
doing this task for a user,change_user
i am logged in for someone,change_user
wish to act as proxy user,change_user
doing this not for myself,change_user
i must perform this as proxy,change_user
change me to someone elses user,change_user
i want access on their behalf,change_user
can i switch for another user,change_user
allow me access for someone else,change_user
taking this step for another person,change_user
i need to take action for them,change_user
i want to be proxy now,change_user
requesting switch to act for user,change_user
i am doing this on their behalf,change_user
give me access as proxy user,change_user
need to log in as someone else,change_user
i need proxy access for today,change_user
please switch me to their identity,change_user
i wish to act on behalf,change_user
handling this for someone who is absent,change_user
completing this task for someone else,change_user
performing this duty as a proxy,change_user
let me sign in for them,change_user
i represent another user right now,change_user
standing in for a different user,change_user
acting as another user for today,change_user
someone else needs to use this,change_user
another person wants to log in,change_user
a different user needs access now,change_user
someone else is taking over here,change_user
they want to use the system,change_user
another user wants to take control,change_user
someone else is ready to log in,change_user
the next user is waiting now,change_user
a colleague needs this system now,change_user
user change requested by someone else,change_user
there is another user waiting here,change_user
someone else is next to use this,change_user
time to let another person use it,change_user
another person needs the account now,change_user
someone else must use this system,change_user
a new person is ready to log in,change_user
they want to take over now,change_user
i need to let someone else in,change_user
system needed by another user now,change_user
switch users someone else wants in,change_user
another person is ready to go,change_user
they are waiting to use system,change_user
i must pass this to another,change_user
new user wants to access system,change_user
another person should be using this,change_user
the next person is waiting here,change_user
handoff required for another user,change_user
another user needs to start now,change_user
someone else is ready to go,change_user
they are next to use this,change_user
i must log out for another,change_user
switch me out someone else is waiting,change_user
another person needs to log in here,change_user
a different user is now taking over,change_user
someone new is ready to use this,change_user
they need access to this account,change_user
let someone else start using system,change_user
time for a new user now,change_user
another user wants to log in now,change_user
switch required for next user now,change_user
another person is ready for login,change_user
someone else wants access right now,change_user
new user waiting to sign in,change_user
user change requested by next person,change_user
they must use this system now,change_user
they are taking over from me,change_user
allow another user to log in,change_user
the next user is ready to go,change_user
pass this access to someone else,change_user
switch users new person is coming,change_user
i would like change user,change_user
i would like to change user,change_user
would like to switch user,change_user
i would like another user,change_user
let me change the user,change_user
i would like to log out,change_user
can i please change user,change_user
would like to use new user,change_user
i would like to switch users,change_user
let me switch to new user,change_user
i would like a new account,change_user
would like to go as different user,change_user
i want to change who i am,change_user
can i log in as someone else,change_user
i would like to be someone else,change_user
would like different login now please,change_user
let me log in as another user,change_user
i would like access for new user,change_user
wish to become a new user,change_user
i would like to begin again,change_user
need to use system with another name,change_user
want to switch to new identity,change_user
i would like to change identity,change_user
please switch me to different user,change_user
i would like a fresh login,change_user
would like to act as new user,change_user
help me become someone else now,change_user
i want to be a new user,change_user
can i please log in differently,change_user
i would like a user reset,change_user
would like to continue as another user,change_user
let me start over with new user,change_user
i would like new user access,change_user
please allow me a new session,change_user
want to enter as a new user,change_user
allow me to try another user,change_user
i need to go as different user,change_user
want to log in with new user,change_user
i would like user credentials changed,change_user
can i please use another user,change_user
wish to proceed as different account,change_user
i want new session with different user,change_user
would like this session as new user,change_user
i would prefer a different user,change_user
let me restart as another user,change_user
may i continue with new user,change_user
please log me in as someone new,change_user
i would rather use other user,change_user
allow switch to another account please,change_user
i would like a different profile,change_user